headline_raw,datetime_myt,prob_positive,prob_negative,score
"US S&P 500 E-MINI FUTURES DOWN 0.6%, DOW FUTURES SLIP 0.5%, NASDAQ 100 FUTURES DROP 0.7% TRADING AFTER US-IRAN PEACE TALKS FAIL",2026-04-13 16:00:57,0.007732720114290714,0.9666182398796082,-0.9588855197653174
"US S&P 500 E-MINI FUTURES UP 0.17%, DOW FUTURES UP 0.12%, NASDAQ 100 FUTURES UP 0.32%",2026-04-14 16:06:26,0.8127496838569641,0.07668973505496979,0.7360599488019943
"US STOCK INDEX FUTURES FLAT Wall Street rallies on renewed hopes for US-Iran talks, earnings boost US STOCKS",2026-04-15 16:00:44,0.7278905510902405,0.21631427109241486,0.5115762799978256
"US S&P 500 E-MINI FUTURES UP 0.15%, DOW FUTURES FLAT, NASDAQ 100 FUTURES UP 0.35%",2026-04-16 16:00:51,0.32900822162628174,0.589080274105072,-0.2600720524787903
"US S&P 500 E-MINI FUTURES UP 0.13%, DOW FUTURES UP 0.29%, NASDAQ 100 FUTURES FLAT",2026-04-17 16:00:49,0.6724225282669067,0.14966553449630737,0.5227569937705994
"U.S. S&P 500 E-MINI FUTURES, NASDAQ 100 FUTURES DOWN 0.6% EACH, DOW FUTURES DOWN 0.7% S&P 500 FUTURES FALL 0.9% IN EARLY TRADE; NASDAQ 100 FUTURES DOWN ALMOST 1% e-SSSx HA WS AALS 27} Jt OPASERAY BASIE AA} At 4 x DAS 71/SRCf",2026-04-20 16:00:24,0.008163136430084705,0.9701572060585022,-0.9619940696284175
RUSSELL 2000 FUTURES DOWN 1%,2026-04-20 16:19:54,0.008755140006542206,0.9632896780967712,-0.954534538090229
"CBOE VOLATILITY INDEX GAINS AFTER EIGHT SESSIONS OF DECLINES, LAST UP 2.43 POINTS AT 19.91, A ONE-WEEK HIGH",2026-04-20 16:20:14,0.9218102693557739,0.04818049073219299,0.8736297786235809
"US S&P 500 E-MINI FUTURES UP 0.15%, DOW FUTURES UP 0.16%, NASDAQ 100 FUTURES UP 0.24%",2026-04-21 16:00:39,0.7991040945053101,0.08191218972206116,0.7171919047832489
"US S&P 500 E-MINI FUTURES UP 0.61%, DOW FUTURES UP 0.57%, NASDAQ 100 FUTURES UP 0.80%",2026-04-22 16:01:00,0.8302387595176697,0.06442863494157791,0.7658101245760918
US stock index futures climb after Trump extends Iran truce US STOCKS,2026-04-22 16:59:01,0.11914905160665512,0.7356268167495728,-0.6164777651429176
"US S&P 500 E-MINI FUTURES DOWN 0.36%, DOW FUTURES FALL 0.50%, NASDAQ 100 FUTURES SLIP 0.31%",2026-04-23 16:00:49,0.008001313544809818,0.967642068862915,-0.9596407553181052
"US S&P 500 E-MINI FUTURES UP 0.14%, DOW FUTURES DOWN 0.13%, NASDAQ 100 FUTURES UP 0.65%",2026-04-24 16:00:45,0.20445656776428223,0.6996172666549683,-0.49516069889068604
"US S&P 500 E-MINI FUTURES DOWN 0.11%, DOW FUTURES DOWN 0.18%, NASDAQ 100 FUTURES FLAT S&P 500 FUTURES FALL 0.1% IN EARLY TRADE; NASDAQ 100 FUTURES DOWN 0.1%",2026-04-27 16:00:47,0.00866654608398676,0.9710803031921387,-0.9624137571081519
"US S&P 500 E-MINI FUTURES DOWN 0.13%, DOW FUTURES UP 0.08%, NASDAQ 100 FUTURES DOWN 0.40%",2026-04-28 16:00:51,0.009146555326879025,0.9656258225440979,-0.9564792672172189
"US S&P 500 E-MINI FUTURES UP 0.09%, DOW FUTURES UP 0.15%, NASDAQ 100 FUTURES UP 0.29%",2026-04-29 16:01:01,0.8551660776138306,0.06082560494542122,0.7943404726684093
"US S&P 500 E-MINI FUTURES DOWN 0.08%, DOW FUTURES DOWN 0.52%, NASDAQ 100 FUTURES UP 0.12% S&P 500 E-MINI FUTURES DOWN 0.15% AS TRADING RESUMES",2026-04-30 16:00:54,0.00775163434445858,0.9676190614700317,-0.9598674271255732
"US S&P 500 E-MINI FUTURES UP 0.08%, DOW FUTURES UP 0.07%, NASDAQ 100 FUTURES DOWN 0.05%",2026-05-01 16:00:50,0.2630622684955597,0.6472614407539368,-0.3841991722583771
"US S&P 500 E-MINI FUTURES UP 0.08%, DOW FUTURES DOWN 0.17%, NASDAQ 100 FUTURES UP 0.24%",2026-05-04 16:00:52,0.25765395164489746,0.6554537415504456,-0.3977997899055481
"US S&P 500 E-MINI FUTURES UP 0.32%, DOW FUTURES UP 0.28%, NASDAQ 100 FUTURES UP 0.77%",2026-05-06 16:00:43,0.8328825235366821,0.06620132178068161,0.7666812017560005
"US stock index futures rise on Middle East peace hopes, AI optimism US STOCKS",2026-05-06 16:54:22,0.7905372977256775,0.08679082989692688,0.7037464678287506
US STOCK INDEX FUTURES EXTEND GAINS AFTER AXIOS REPORTS US EXPECTS IRANIAN RESPONSES ON SEVERAL KEY POINTS IN THE NEXT 48 HOURS,2026-05-06 16:56:43,0.7727529406547546,0.12202075868844986,0.6507321819663048
"S&P 500 E-MINI FUTURES UP 0.71%, DOW FUTURES UP 0.66%, NASDAQ 100 FUTURES UP 1.26%",2026-05-06 16:57:36,0.7551137208938599,0.08957632631063461,0.6655373945832253
U.S. STOCK INDEX FUTURES UP ABOUT 0.2%,2026-05-07 16:00:32,0.7372398376464844,0.13804686069488525,0.5991929769515991
"S&P 500 E-MINI FUTURES UP 0.33%, NASDAQ 100 FUTURES UP 0.52%, DOW FUTURES UP 0.15%",2026-05-08 16:01:10,0.754265546798706,0.09656062722206116,0.6577049195766449
"S&P 500 E-MINI FUTURES DOWN 0.06%, NASDAQ 100 FUTURES FLAT, DOW FUTURES DOWN 0.12%",2026-05-11 16:00:42,0.00926314014941454,0.9676584601402283,-0.9583953199908137
"S&P 500 E-MINI FUTURES DOWN 0.3%, NASDAQ 100 FUTURES DOWN 0.6%, DOW FUTURES DOWN 0.04%",2026-05-12 16:01:10,0.007939413189888,0.9670235514640808,-0.9590841382741928
"U.S. S&P 500 E-MINI FUTURES UP 0.3%, NASDAQ 100 FUTURES UP 0.7%, DOW FUTURES UP 0.01%",2026-05-13 16:01:05,0.7944662570953369,0.08721768856048584,0.7072485685348511
"U.S. S&P 500 E-MINI FUTURES UP 0.2%, NASDAQ 100 FUTURES UP 0.4%, DOW FUTURES UP 0.3%",2026-05-14 16:01:20,0.762458086013794,0.10089310258626938,0.6615649834275246
"U.S. S&P 500 E-MINI FUTURES DOWN 0.7%, NASDAQ 100 FUTURES DOWN 1%, DOW FUTURES DOWN 0.5% Wall Street ends higher on tech rally; investors eye Beijing talks US STOCKS",2026-05-15 16:00:56,0.01517255324870348,0.9523584246635437,-0.9371858714148402
"U.S. S&P 500 E-MINI FUTURES DOWN 0.4%, NASDAQ 100 FUTURES DOWN 0.3%, DOW FUTURES DOWN 0.6%",2026-05-18 16:01:18,0.007871863432228565,0.9648388624191284,-0.9569669989868999
"U.S. S&P 500 E-MINI FUTURES UP 0.07%, NASDAQ 100 FUTURES UP 0.06%, DOW FUTURES UP 0.14%",2026-05-19 16:00:52,0.7963551878929138,0.0891793817281723,0.7071758061647415
U.S. STOCK INDEX FUTURES TURN NEGATIVE,2026-05-19 16:32:24,0.012063667178153992,0.9383454918861389,-0.9262818247079849
"S&P 500 E-MINI FUTURES DOWN 0.2%, NASDAQ 100 FUTURES DOWN 0.3%, DOW FUTURES DOWN 0.08%",2026-05-19 16:32:24,0.007905425503849983,0.9671189785003662,-0.9592135529965162
"U.S. S&P 500 E-MINI FUTURES UP 0.1%, NASDAQ 100 FUTURES UP 0.4%, DOW FUTURES DOWN 0.05%",2026-05-20 16:00:58,0.2905174195766449,0.6098793745040894,-0.31936195492744446
"U.S. S&P 500 E-MINI FUTURES DOWN 0.1%, NASDAQ 100 FUTURES DOWN 0.2%, DOW FUTURES DOWN 0.2%",2026-05-21 16:00:40,0.007887287996709347,0.9651362299919128,-0.9572489419952035
"U.S. S&P 500 E-MINI FUTURES UP 0.3%, NASDAQ 100 FUTURES UP 0.5%, DOW FUTURES UP 0.3%",2026-05-22 16:00:29,0.7644296884536743,0.09902256727218628,0.665407121181488
"S&P 500 FUTURES RISE ABOUT 0.7%, NASDAQ FUTURES UP 1.2% S&P 500 FUTURES RISE ABOUT 0.5% IN EARLY ASIA TRADE; NASDAQ 100 FUTURES UP 0.6%",2026-05-25 09:03:27,0.8915113210678101,0.056244395673274994,0.8352669253945351
"U.S. S&P 500 E-MINI FUTURES UP 0.5%, NASDAQ 100 FUTURES ADD 0.7%, DOW FUTURES UP 0.5%",2026-05-26 16:02:04,0.795783519744873,0.08346633613109589,0.7123171836137772
"U.S. S&P 500 E-MINI FUTURES UP 0.1%, NASDAQ 100 FUTURES ADD 0.2%, DOW FUTURES UP 0.3%",2026-05-27 16:01:45,0.7722897529602051,0.09435579925775528,0.6779339537024498
"U.S. S&P 500 E-MINI FUTURES DOWN 0.1%, NASDAQ 100 FUTURES DIP 0.3%, DOW FUTURES FLAT",2026-05-28 16:01:29,0.008534415625035763,0.9658515453338623,-0.9573171297088265
"U.S. S&P 500 E-MINI FUTURES UP 0.1%, NASDAQ 100 FUTURES FLAT, DOW FUTURES UP 0.1%",2026-05-29 16:01:09,0.37834933400154114,0.5411328673362732,-0.16278353333473206
"S&P 500 E-MINI FUTURES UP 0.2%, NASDAQ 100 FUTURES UP 0.3%, DOW FUTURES UP 0.1%",2026-06-01 16:05:29,0.7685312628746033,0.09701978415250778,0.6715114787220955
U.S. STOCK INDEX FUTURES DOWN 0.1%,2026-06-02 16:00:46,0.010774008929729462,0.9620488286018372,-0.9512748196721077
"S&P 500 E-MINI FUTURES DOWN 0.1%, NASDAQ 100 FUTURES FLAT, DOW FUTURES DOWN 0.3% Wall St ends modestly higher as AI zeal overcomes Middle East jitters US STOCKS",2026-06-03 16:00:47,0.022931521758437157,0.9490780830383301,-0.9261465612798929
Wall St futures pause near record highs as oil climbs on Middle East stalemate US STOCKS,2026-06-03 16:46:20,0.0754777118563652,0.8054561018943787,-0.7299783900380135
"S&P 500 E-MINI FUTURES DOWN 0.26%, NASDAQ 100 FUTURES DOWN 0.49%, DOW FUTURES UP 0.20%",2026-06-04 16:00:41,0.008651914075016975,0.9649459719657898,-0.9562940578907728
"S&P 500 E-MINI FUTURES DOWN 0.6%, NASDAQ 100 FUTURES DOWN 1.13%, DOW FUTURES FLAT",2026-06-05 16:00:46,0.00864505022764206,0.9660770297050476,-0.9574319794774055
"S&P 500 E-MINI FUTURES UP 0.3%, NASDAQ FUTURES UP 0.7%, DOW FUTURES DOWN 0.2%",2026-06-08 16:01:19,0.32466554641723633,0.5570576190948486,-0.2323920726776123
"U.S. S&P 500 E-MINI FUTURES UP 0.22%, NASDAQ 100 FUTURES UP 0.46%, DOW FUTURES UP 0.04%",2026-06-09 16:01:01,0.7618309259414673,0.10281392931938171,0.6590169966220856
"U.S. S&P 500 E-MINI FUTURES DOWN 0.35%, NASDAQ 100 FUTURES DOWN 0.52%, DOW FUTURES DOWN 0.31%",2026-06-10 16:00:38,0.007951960898935795,0.9663813710212708,-0.958429410122335
"U.S. S&P 500 E-MINI FUTURES FLAT, NASDAQ 100 FUTURES DOWN 0.1%, DOW FUTURES UP 0.2%",2026-06-12 16:01:37,0.012442706152796745,0.9637414813041687,-0.951298775151372
"RUSSELL 2000 FUTURES UP 1.7% U.S. S&P 500 E-MINI FUTURES UP 1.3%, NASDAQ 100 FUTURES UP 1.9%, DOW FUTURES UP 1% Wall Street ends higher as SpaceX's market debut dominates US STOCKS",2026-06-15 13:59:24,0.9278239011764526,0.030858250334858894,0.8969656508415937
"CBOE VOLATILITY INDEX FALLS TO OVER ONE-WEEK LOW, LAST DOWN 0.89 POINTS AT 16.79",2026-06-15 16:02:34,0.007655967026948929,0.9706279039382935,-0.9629719369113445
Wall St. futures advance over 1% as markets cheer Iran deal US STOCKS,2026-06-15 16:22:21,0.8504142165184021,0.04655512049794197,0.8038590960204601
"S&P 500 E-MINI FUTURES FLAT, NASDAQ 100 FUTURES DOWN 0.1%, DOW FUTURES UP 0.2%",2026-06-16 16:00:50,0.011323180049657822,0.9638628363609314,-0.9525396563112736
"S&P 500 E-MINI FUTURES UP 0.27%, NASDAQ 100 FUTURES UP 0.84%, DOW FUTURES FLAT",2026-06-17 16:00:29,0.6613354682922363,0.1584731936454773,0.502862274646759
"U.S. S&P 500 E-MINI FUTURES ADD 0.9%, NASDAQ 100 FUTURES RISE 1.47%, DOW FUTURES UP 0.56%",2026-06-18 16:00:42,0.7919262051582336,0.06849407404661179,0.7234321311116219
"U.S. S&P 500 E-MINI FUTURES DOWN 0.1%, NASDAQ 100 FUTURES UP 0.1%, DOW FUTURES DOWN 0.1%",2026-06-22 16:00:39,0.009660663083195686,0.963596761226654,-0.9539360981434584
"U.S. S&P 500 E-MINI FUTURES DOWN 1%, NASDAQ 100 FUTURES DOWN 1.9%, DOW FUTURES DOWN 0.3%",2026-06-23 14:11:07,0.00800134614109993,0.9671344757080078,-0.9591331295669079
"Nasdaq futures fall 2% on tech worries, Fed hike bets US STOCKS",2026-06-23 15:59:33,0.02271411381661892,0.9443519115447998,-0.9216377977281809
"U.S. S&P 500 E-MINI FUTURES DOWN 1.48%, NASDAQ 100 FUTURES DOWN 2.5%, DOW FUTURES DOWN 0.8%",2026-06-23 16:01:47,0.007838769815862179,0.9660237431526184,-0.9581849733367562
CBOE VOLATILITY INDEX HITS OVER ONE-WEEK HIGH; LAST UP 3.03 POINTS AT 20.31,2026-06-23 16:04:04,0.9233010411262512,0.03778659924864769,0.8855144418776035
RUSSELL 2000 FUTURES DOWN 1.7%,2026-06-23 16:04:19,0.009437371045351028,0.9676017761230469,-0.9581644050776958
"U.S. S&P 500 E-MINI FUTURES FLAT, NASDAQ 100 FUTURES ADD 0.36%, DOW FUTURES DOWN 0.18%",2026-06-24 16:00:50,0.013365416787564754,0.9632337093353271,-0.9498682925477624
"U.S. S&P 500 E-MINI FUTURES UP 0.6%, NASDAQ 100 FUTURES UP 2%, DOW FUTURES FLAT Nasdaq, S&P end lower as tech stocks fall US STOCKS",2026-06-25 13:43:02,0.041932981461286545,0.9272180199623108,-0.8852850385010242
"Nasdaq futures jump 2% as Micron, Qualcomm forecasts relieve investors US STOCKS",2026-06-25 15:28:03,0.787589967250824,0.1345483511686325,0.6530416160821915
"U.S. S&P 500 E-MINI FUTURES UP 0.78%, NASDAQ 100 FUTURES GAIN 2.24%, DOW FUTURES ADD 0.11%",2026-06-25 16:00:51,0.7924437522888184,0.08420838415622711,0.7082353681325912
"U.S. S&P 500 E-MINI FUTURES DOWN 0.2%, NASDAQ 100 FUTURES DOWN 0.7%, DOW FUTURES UP 0.2% NASDAQ .IXIC UNOFFICIALLY CLOSES DOWN 118.03 POINTS, OR 0.46 PERCENT, AT 25,358.60",2026-06-26 16:00:19,0.007865090854465961,0.9677641987800598,-0.9598991079255939
"US S&P 500 E-MINI FUTURES UP 0.07%, DOW FUTURES UP 0.04%, NASDAQ 100 FUTURES UP 0.22%",2026-06-30 16:09:10,0.8446747660636902,0.06738261133432388,0.7772921547293663
"US S&P 500 E-MINI FUTURES DOWN 0.36%, DOW FUTURES DOWN 0.35%, NASDAQ 100 FUTURES DOWN 0.54%",2026-07-01 16:01:10,0.0077207195572555065,0.9662273526191711,-0.9585066330619156
"US S&P 500 E-MINI FUTURES DOWN 0.21%, DOW FUTURES DOWN 0.1%, NASDAQ 100 FUTURES DOWN 0.76%",2026-07-02 16:01:38,0.007894574664533138,0.9668499827384949,-0.9589554080739617
"U.S. S&P 500 E-MINI FUTURES UP 0.5%, NASDAQ 100 FUTURES UP 1%, DOW FUTURES UP 0.2%",2026-07-06 16:01:58,0.8461567163467407,0.05897082760930061,0.7871858887374401
"U.S. S&P 500 E-MINI FUTURES DOWN 0.3%, NASDAQ 100 FUTURES DOWN 1%, DOW FUTURES UP 0.1%",2026-07-07 16:00:35,0.009435955435037613,0.9649884700775146,-0.955552514642477
