entry_date,n_headlines,daily_score,entry_time,entry_price,breakeven_price,stopped_out,stop_time,exit_time_1d,return_1d,exit_time_2d,return_2d,exit_time_3d,return_3d,exit_time_4d,return_4d,exit_time_5d,return_5d,exit_time_10d,return_10d,exit_time_20d,return_20d
2026-04-14,1,0.7360599488019943,2026-04-14 09:01:00,2.96,2.971248,True,2026-04-14 14:35:00,2026-04-14 14:35:00,4.9439619065339e-17,2026-04-14 14:35:00,4.9439619065339e-17,2026-04-14 14:35:00,4.9439619065339e-17,2026-04-14 14:35:00,4.9439619065339e-17,2026-04-14 14:35:00,4.9439619065339e-17,2026-04-14 14:35:00,4.9439619065339e-17,2026-04-14 14:35:00,4.9439619065339e-17
2026-04-15,1,0.5115762799978256,2026-04-15 09:01:00,3.07,3.081666,True,2026-04-15 09:03:00,2026-04-15 09:03:00,-1.474514954580286e-17,2026-04-15 09:03:00,-1.474514954580286e-17,2026-04-15 09:03:00,-1.474514954580286e-17,2026-04-15 09:03:00,-1.474514954580286e-17,2026-04-15 09:03:00,-1.474514954580286e-17,2026-04-15 09:03:00,-1.474514954580286e-17,2026-04-15 09:03:00,-1.474514954580286e-17
2026-04-17,1,0.5227569937705994,2026-04-17 09:01:00,3.2,3.2121600000000003,True,2026-04-17 15:55:00,2026-04-17 15:55:00,5.334274688628682e-17,2026-04-17 15:55:00,5.334274688628682e-17,2026-04-17 15:55:00,5.334274688628682e-17,2026-04-17 15:55:00,5.334274688628682e-17,2026-04-17 15:55:00,5.334274688628682e-17,2026-04-17 15:55:00,5.334274688628682e-17,2026-04-17 15:55:00,5.334274688628682e-17
2026-04-21,1,0.7171919047832489,2026-04-21 09:01:00,3.2,3.2121600000000003,True,2026-04-21 09:04:00,2026-04-21 09:04:00,5.334274688628682e-17,2026-04-21 09:04:00,5.334274688628682e-17,2026-04-21 09:04:00,5.334274688628682e-17,2026-04-21 09:04:00,5.334274688628682e-17,2026-04-21 09:04:00,5.334274688628682e-17,2026-04-21 09:04:00,5.334274688628682e-17,2026-04-21 09:04:00,5.334274688628682e-17
2026-04-29,1,0.7943404726684093,2026-04-29 09:01:00,3.36,3.3727679999999998,True,2026-04-29 09:06:00,2026-04-29 09:06:00,-3.252606517456513e-17,2026-04-29 09:06:00,-3.252606517456513e-17,2026-04-29 09:06:00,-3.252606517456513e-17,2026-04-29 09:06:00,-3.252606517456513e-17,2026-04-29 09:06:00,-3.252606517456513e-17,2026-04-29 09:06:00,-3.252606517456513e-17,2026-04-29 09:06:00,-3.252606517456513e-17
2026-05-06,4,0.6966743115335703,2026-05-06 09:01:00,3.49,3.5032620000000003,True,2026-05-06 11:58:00,2026-05-06 11:58:00,3.0357660829594124e-17,2026-05-06 11:58:00,3.0357660829594124e-17,2026-05-06 11:58:00,3.0357660829594124e-17,2026-05-06 11:58:00,3.0357660829594124e-17,2026-05-06 11:58:00,3.0357660829594124e-17,2026-05-06 11:58:00,3.0357660829594124e-17,2026-05-06 11:58:00,3.0357660829594124e-17
2026-05-07,1,0.5991929769515991,2026-05-07 09:01:00,3.53,3.543414,True,2026-05-18 09:51:00,2026-05-08 09:01:00,0.0386929178470256,2026-05-11 09:01:00,0.05285722379603405,2026-05-11 09:01:00,0.05285722379603405,2026-05-11 09:01:00,0.05285722379603405,2026-05-12 09:01:00,0.08118583569405108,2026-05-18 09:01:00,0.010364305949008576,2026-05-18 09:51:00,1.0842021724855044e-17
2026-05-08,1,0.6577049195766449,2026-05-08 09:01:00,3.68,3.6939840000000004,True,2026-05-08 09:26:00,2026-05-08 09:26:00,5.941427905220564e-17,2026-05-08 09:26:00,5.941427905220564e-17,2026-05-08 09:26:00,5.941427905220564e-17,2026-05-08 09:26:00,5.941427905220564e-17,2026-05-08 09:26:00,5.941427905220564e-17,2026-05-08 09:26:00,5.941427905220564e-17,2026-05-08 09:26:00,5.941427905220564e-17
2026-05-13,1,0.7072485685348511,2026-05-13 09:01:00,3.69,3.704022,True,2026-05-13 09:46:00,2026-05-13 09:46:00,5.4643789493269423e-17,2026-05-13 09:46:00,5.4643789493269423e-17,2026-05-13 09:46:00,5.4643789493269423e-17,2026-05-13 09:46:00,5.4643789493269423e-17,2026-05-13 09:46:00,5.4643789493269423e-17,2026-05-13 09:46:00,5.4643789493269423e-17,2026-05-13 09:46:00,5.4643789493269423e-17
2026-05-14,1,0.6615649834275246,2026-05-14 09:01:00,3.93,3.9449340000000004,True,2026-05-15 09:19:00,2026-05-15 09:01:00,-0.016522646310432636,2026-05-15 09:19:00,5.724587470723463e-17,2026-05-15 09:19:00,5.724587470723463e-17,2026-05-15 09:19:00,5.724587470723463e-17,2026-05-15 09:19:00,5.724587470723463e-17,2026-05-15 09:19:00,5.724587470723463e-17,2026-05-15 09:19:00,5.724587470723463e-17
2026-05-22,1,0.665407121181488,2026-05-22 09:01:00,3.91,3.9248580000000004,True,2026-05-22 09:03:00,2026-05-22 09:03:00,6.635317295611287e-17,2026-05-22 09:03:00,6.635317295611287e-17,2026-05-22 09:03:00,6.635317295611287e-17,2026-05-22 09:03:00,6.635317295611287e-17,2026-05-22 09:03:00,6.635317295611287e-17,2026-05-22 09:03:00,6.635317295611287e-17,2026-05-22 09:03:00,6.635317295611287e-17
2026-05-25,1,0.8352669253945351,2026-05-25 09:01:00,4.31,4.326378,True,2026-05-25 09:07:00,2026-05-25 09:07:00,1.0408340855860843e-16,2026-05-25 09:07:00,1.0408340855860843e-16,2026-05-25 09:07:00,1.0408340855860843e-16,2026-05-25 09:07:00,1.0408340855860843e-16,2026-05-25 09:07:00,1.0408340855860843e-16,2026-05-25 09:07:00,1.0408340855860843e-16,2026-05-25 09:07:00,1.0408340855860843e-16
2026-05-26,1,0.7123171836137772,2026-05-26 09:01:00,4.48,4.497024000000001,True,2026-06-08 09:33:00,2026-05-28 09:01:00,0.045307142857142796,2026-05-28 09:01:00,0.045307142857142796,2026-05-29 09:01:00,0.05200357142857143,2026-06-03 09:01:00,0.07878928571428553,2026-06-03 09:01:00,0.07878928571428553,2026-06-05 09:01:00,0.06539642857142848,2026-06-08 09:33:00,3.2959746043559335e-17
2026-06-09,1,0.6590169966220856,2026-06-09 09:01:00,4.75,4.768050000000001,True,2026-06-09 09:17:00,2026-06-09 09:17:00,1.192622389734055e-16,2026-06-09 09:17:00,1.192622389734055e-16,2026-06-09 09:17:00,1.192622389734055e-16,2026-06-09 09:17:00,1.192622389734055e-16,2026-06-09 09:17:00,1.192622389734055e-16,2026-06-09 09:17:00,1.192622389734055e-16,2026-06-09 09:17:00,1.192622389734055e-16
2026-06-18,1,0.7234321311116219,2026-06-18 09:01:00,4.88,4.898544,True,2026-06-18 09:10:00,2026-06-18 09:10:00,6.938893903907228e-17,2026-06-18 09:10:00,6.938893903907228e-17,2026-06-18 09:10:00,6.938893903907228e-17,2026-06-18 09:10:00,6.938893903907228e-17,2026-06-18 09:10:00,6.938893903907228e-17,2026-06-18 09:10:00,6.938893903907228e-17,2026-06-18 09:10:00,6.938893903907228e-17
2026-06-30,1,0.7772921547293663,2026-06-30 09:01:00,4.86,4.878468000000001,True,2026-07-01 12:11:00,2026-07-01 09:01:00,-0.012030452674897125,2026-07-01 12:11:00,7.632783294297951e-17,2026-07-01 12:11:00,7.632783294297951e-17,2026-07-01 12:11:00,7.632783294297951e-17,2026-07-01 12:11:00,7.632783294297951e-17,2026-07-01 12:11:00,7.632783294297951e-17,2026-07-01 12:11:00,7.632783294297951e-17
2026-07-06,1,0.7871858887374401,2026-07-06 09:01:00,4.74,4.758012,False,,2026-07-07 09:01:00,-0.029116455696202553,2026-07-08 09:01:00,-0.056542616033755266,,,,,,,,,,
